CASE;SERIAL;REF;QUESTNNR;MODE;STARTED;IN01_01;IN02_01;IN03;IN04_01;QU01;QU02;QU03;QU04;QU05;QU06;QU07;QU08;RA01_01;RA01_02;RA01_03;RA01_04;RA01_05;RA01_06;RA01_07;RA01_08;RA01_09;RA01_10;RA01_11;RA01_12;RA01_13;RA01_14;RA01_15;RA01_16;RA01_17;RA01_18;RA01_21;RA01_22;RA01_23;RA02_01;TIME001;TIME002;TIME003;TIME004;TIME005;TIME006;TIME007;TIME008;TIME009;TIME010;TIME011;TIME_SUM;MAILSENT;LASTDATA;FINISHED;LASTPAGE;MAXPAGE;MISSING;MISSREL;DEG_MISS;DEG_TIME;DEGRADE;ComprehensionSum;QuestionnaireVar;condition
277; ; ;NM;interview;2/24/2015;777;30;2;xw5c;1;1;1;1;1;1;1;1;2;1;2;2;2;3;3;4;4;4;3;3;5;3;3;1;1;2;3;1;7;The tts sometimes produces sounds hard to understand, in particular at the beginning of the spoken sentences<br>The background is too dark, hair are not visible<br>The lack of precision in the spoken lines (i.e. hard to interpret) deviates the attention from looking her face, so I can't say that I have payed attention to her facial expressions and nonverbal behaviors<br>In general I would appreciate some gestures, half body visible then<br>She could ask the user to check if the message was understood, otherwise repeat it may be slowly;566;56; ;11;30;8;9;11;10;6;225;269; ;2/24/2015;1;11;11;0;0;0;5;5;8;1,34558823529412;1
278; ; ;Her;interview;2/24/2015;29881713;37;2;xw5c;1;1;1;0;1;1;1;1;3;3;5;4;4;4;3;5;5;2;5;5;5;5;5;4;2;4;7;1;7;sometimes its hard to understand what she say;54;26;49;6;68;53;49;25; ;36;139;216; ;2/24/2015;1;11;11;0;0;0;2;2;7;1,11029411764706;3
280; ; ;Her;interview;2/24/2015;17950689;34;1;xw5c;1;1;1;1;1;1;1;1;5;4;5;5;4;5;5;5;5;5;5;5;5;4;3;4;4;5;7;1;7; ;106;81; ;6;26;16;97;6;11;6;35;307; ;2/24/2015;1;11;11;3;2;33;4;37;8;,382352941176471;3
281; ; ;BL;interview;2/24/2015;31127245;39;2;xw5c;1;1;1;1;1;1;1;1;3;5;3;2;2;2;2;4;4;5;4;4;5;3;4;1;1;5;7;1;6; ;92;48;27;9;28;13;36;7; ;10;67;315; ;2/24/2015;1;11;11;3;2;33;0;33;8;1,97058823529412;2
282; ; ;BL;interview;2/24/2015;3588528;28;1;xw5c;1;1;1;1;1;1;1;1;4;4;4;3;4;5;4;5;5;5;5;4;6;5;3;1;4;2;7;1;7;Too inpersonal;54;14; ;5;21;17;12;6;12;4;67;212; ;2/24/2015;1;11;11;0;0;0;11;11;8;1,55882352941176;2
283; ; ;Yu;interview;2/24/2015;20404755;42;2;xw5c;1;1;1;1;1;1;1;1;4;4;5;5;4;4;4;4;5;4;4;5;5;6;5;1;4;6;6;2;6;The tone and cadence she used in her voice seemed more robotic than human.;98;26;12;6; ;11;14;10;13;9;117;316; ;2/24/2015;1;11;11;0;0;0;1;1;8;1,25735294117647;4
285; ; ;Yu;interview;2/24/2015;24036434;57;2;xw5c;1;1;1;1;1;1;0;1;5;5;5;5;5;6;6;5;6;6;6;6;6;6;6;7;5;6;7;2;5; ;93;98;12;8;13;7;13;7; ;10;43;231; ;2/24/2015;1;11;11;3;2;33;9;41;7;,345588235294118;4
286; ; ;Her;interview;2/24/2015;14528761;40;2;xw5c;1;1;1;1;1;1;1;1;6;4;5;5;5;6;4;6;7;7;6;7;7;6;5;4;2;4;7;2;7; ;68;13; ;9;15;6;11;5;9;4;33;173; ;2/24/2015;1;11;11;3;2;33;21;54;8;1,97058823529412;3
287; ; ;NM;interview;2/24/2015;31166078;21;2;xw5c;1;1;0;1;1;1;1;1;4;4;4;4;4;4;3;4;4;4;6;5;6;4;4;4;2;2;7;1;7; ;90;70;49;6;82;8;78;10; ;8;63;306; ;2/24/2015;1;11;11;3;2;33;1;34;7;1,125;1
292; ; ;Yu;interview;2/24/2015;29686407;51;1;xw5c;1;1;1;1;1;1;1;1;4;1;2;2;2;5;1;6;5;7;6;5;7;4;5;2;1;1;6;1;7;I found her very robotic.  Some of her words slipped in to each other.;82;136;18;8; ;12;13;5;11;7;67;248; ;2/24/2015;1;11;11;0;0;0;3;3;8;4,99264705882353;4
293; ; ;Her;interview;2/24/2015;25212093;32;2;xw5c;0;0;1;1;1;1;1;1;4;2;4;5;4;4;5;6;4;5;5;3;6;3;4;2;4;3;5;1;6;Her speech did not sound natural and was sometimes difficult to understand.;61;17; ;17;21;13;13;7;14;9;98;259; ;2/24/2015;1;11;11;0;0;0;4;4;6;1,43382352941176;3
295; ; ;Her;interview;2/24/2015;20416470;32;2;xw5c;1;1;1;1;1;1;1;1;5;3;5;3;3;5;5;4;5;5;5;4;6;4;2;3;2;2;5;1;7; ;57;43;14;7;26;12; ;7;25;5;69;265; ;2/24/2015;1;11;11;3;2;33;3;36;8;1,61029411764706;3
296; ; ;Yu;interview;2/24/2015;19378092;52;1;xw5c;1;1;1;1;1;1;1;1;6;4;6;4;4;4;4;4;4;5;5;5;4;4;4;6;4;4;6;1;7;sounds almost like there is a slight stutter;48;25;15;7;21;15;17;7; ;11;61;227; ;2/24/2015;1;11;11;0;0;0;3;3;8;,507352941176471;4
299; ; ;BL;interview;2/24/2015;21875134;49;2;xw5c;1;1;1;1;1;1;1;1;5;3;5;5;5;4;5;6;5;6;6;5;5;6;5;3;4;5;6;1;6;"I'm not sure the added comments at the end of some videos (eg. ""Are you looking forward to it?"") help with remembering the details of the appointment, they just distract you after you've been told important information. I guess it makes her seem more friendly and human, but we know she doesn't really care either way, so why not just keep her on topic.<br><br>On the survey itself, the screen has a tiny play button and a massive NEXT button on one occasion I clicked Next instead of play and couldn't go back to watch the video so had to restart the survey from the biginning. A big play button and a next button which doesn't work until you've watched the video would be a good idea for the future.";29;34;12;8;27;9; ;15;18;9;395;209; ;2/24/2015;1;11;11;0;0;0;9;9;8;,860294117647059;2
301; ; ;BL;interview;2/24/2015;mcz1231;56;1;xw5c;1;1;0;1;1;1;1;1;4;1;3;4;5;5;2;6;7;6;7;5;6;4;2;4;2;1;7;1;7;no;409;274;13;5; ;10;13;6;410;6;46;208; ;2/24/2015;1;11;11;0;0;0;4;4;7;3,98529411764706;2
303; ; ;Her;interview;2/24/2015;29490578;25;1;xw5c;1;1;1;1;1;1;1;1;7;3;5;5;6;6;3;6;4;7;6;5;7;5;4;1;2;4;7;1;7;She slurred speech on some words;61;47;37;4; ;14;50;5;26;9;49;244; ;2/24/2015;1;11;11;0;0;0;6;6;8;2,86764705882353;3
304; ; ;NM;interview;2/24/2015;30901412;49;2;xw5c;1;1;0;1;1;1;1;1;4;4;6;5;3;4;4;4;5;5;4;5;6;5;4;5;4;3;6;3;6; ;66;34; ;23;22;8;22;7;28;6;29;212; ;2/24/2015;1;11;11;3;2;33;6;39;7;,764705882352941;1
305; ; ;Yu;interview;2/24/2015;6338946;58;1;xw5c;1;1;0;1;1;1;1;1;6;5;6;6;6;7;7;7;7;7;7;7;7;7;7;5;4;6;7;1;7;no I did not notice anything particular, it was weird watching the videos with a non-human;104;54; ;9;18;9;14;7;12;7;84;318; ;2/24/2015;1;11;11;0;0;0;2;2;7;,86764705882353;4
310; ; ;Her;interview;2/24/2015;29866862;28;2;xw5c;0;1;1;1;1;1;1;1;3;2;4;4;3;4;4;5;5;6;6;4;6;5;5;3;1;3;7;1;7;No other comments;90;17; ;16;34;16;13;8;11;9;134;338; ;2/24/2015;1;11;11;0;0;0;3;3;7;1,98529411764706;3
312; ; ;NM;interview;2/24/2015;10390268;49;1;xw5c;1;1;0;1;1;1;1;1;4;4;4;4;4;4;4;3;4;4;4;4;4;4;3;4;4;3;5;2;6;it was interesting;108;13;11;6;13;8;13;6; ;6;51;235; ;2/24/2015;1;11;11;0;0;0;13;13;7;,154411764705882;1
315; ; ;Yu;interview;2/24/2015;30759652;48;1;xw5c;1;1;0;1;1;1;1;1;6;6;5;5;4;5;5;6;7;5;7;6;7;6;7;3;2;3;5;2;6;none;35;51;18;5;63;9;26;6; ;6;76;254; ;2/24/2015;1;11;11;0;0;0;8;8;7;2,31617647058824;4
316; ; ;Yu;interview;2/24/2015;21832559;25;1;xw5c;1;1;1;0;1;1;1;1;7;3;7;7;7;7;7;7;7;7;7;7;7;4;5;5;5;4;7;1;7;"Sounds that are familiar such as ""s"" or ""c"" need to be pronounced better";58;115;16;4;26;8; ;5;10;5;63;220; ;2/24/2015;1;11;11;0;0;0;9;9;7;1,93382352941176;4
320; ; ;NM;interview;2/24/2015;30738008;39;2;xw5c;1;1;1;1;1;1;1;1;5;4;5;4;4;6;4;6;6;5;6;6;6;5;6;4;4;4;6;1;7;The speech seems jumbled at times.;112;40;20;10; ;11;12;12;10;6;72;305; ;2/24/2015;1;11;11;0;0;0;2;2;8;,875;1
323; ; ;BL;interview;2/24/2015;13779544;45;1;xw5c;1;1;1;1;1;1;1;1;3;5;3;2;4;5;4;7;7;7;7;6;7;6;4;3;1;1;7;1;7;She looks freaky and scary and does not pronounce her works very well;120;98; ;9;43;19;19;9;14;10;85;353; ;2/24/2015;1;11;11;0;0;0;0;0;8;4,49264705882353;2
324; ; ;BL;interview;2/24/2015;14890972;50;1;xw5c;1;1;1;1;1;1;1;1;5;5;6;4;4;4;4;5;5;6;6;5;7;4;4;6;4;4;7;1;7;no thanks;100;54;24;8;18;17;18;8; ;10;57;314; ;2/24/2015;1;11;11;0;0;0;1;1;8;,985294117647059;2
325; ; ;Yu;interview;2/24/2015;31091664;28;2;xw5c;1;1;1;0;1;1;0;1;1;1;1;1;1;1;1;1;1;1;1;1;2;1;1;1;1;1;5;1;5; ;79;15;15;5;18;7; ;7;12;6;31;195; ;2/24/2015;1;11;11;3;2;33;11;44;6;,0588235294117647;4
326; ; ;Yu;interview;2/24/2015;23804661;44;1;xw5c;1;1;1;1;1;1;1;1;5;5;4;4;5;5;4;4;4;5;5;5;5;3;5;3;5;4;7;2;6;no;84;28;15;6;47;8; ;8;17;6;36;255; ;2/24/2015;1;11;11;0;0;0;4;4;8;,507352941176471;4
327; ; ;BL;interview;2/24/2015;25351671;32;2;xw5c;1;1;1;1;1;1;1;1;3;1;5;3;3;3;3;3;4;4;4;4;4;3;3;2;3;2;5;1;7;Her appearance was rather distracting. I found it easier to hear what she said if i closed my eyes.;64;26; ;6;15;10;11;5;13;5;72;227; ;2/24/2015;1;11;11;0;0;0;7;7;8;,904411764705882;2
336; ; ;Yu;interview;2/24/2015;6417041;25;1;xw5c;1;1;0;1;1;1;1;1;4;4;5;4;6;3;2;5;5;5;4;5;5;4;6;4;5;4;5;3;6; ;116;32;17;8; ;11;30;11;16;7;66;314; ;2/24/2015;1;11;11;3;2;33;0;33;7;1,01470588235294;4
338; ; ;BL;interview;2/24/2015;22669040;42;1;xw5c;1;1;1;1;1;1;1;1;5;4;5;5;4;5;5;4;5;4;6;4;6;4;5;5;4;4;7;1;7; ;87;22;16;8;17;11; ;13;17;7;55;253; ;2/24/2015;1;11;11;3;2;33;2;35;8;,49264705882353;2
340; ; ;Yu;interview;2/24/2015;31524054;36;2;xw5c;1;1;1;1;1;1;1;1;6;6;5;6;5;5;5;6;6;6;6;7;7;7;6;6;5;4;7;1;7; ;68;15;13;5;23;16;12;7; ;7;51;217; ;2/24/2015;1;11;11;3;2;33;7;40;8;,691176470588235;4
341; ; ;BL;interview;2/24/2015;31285455;35;1;xw5c;0;1;1;1;1;1;1;1;4;4;6;5;4;4;4;4;5;5;5;4;5;4;4;3;1;4;6;1;6;The graphic is a little robotic, most especially as the lips move, but other than that it is very clever;72;17;19;6;53;20; ;12;21;13;86;312; ;2/24/2015;1;11;11;0;0;0;2;2;7;1,15441176470588;2
342; ; ;Yu;interview;2/24/2015;kristen.watt;24;1;xw5c;1;1;1;1;1;1;1;1;5;2;5;3;4;4;3;4;3;5;5;5;6;4;4;3;2;2;6;2;6;n/a;28;14;11;5; ;7;16;5;9;4;37;136; ;2/24/2015;1;11;11;0;0;0;25;25;8;1,44117647058824;4
344; ; ;NM;interview;2/24/2015;11911928;36;2;xw5c;1;1;1;1;1;1;1;1;6;6;6;6;6;5;6;6;6;5;6;5;6;6;5;6;6;4;6;1;6; ;112;81;19;7; ;7;25;7;15;8;45;326; ;2/24/2015;1;11;11;3;2;33;3;36;8;,367647058823529;1
347; ; ;NM;interview;2/24/2015;23078157;26;1;xw5c;1;1;0;1;1;1;1;1;5;2;3;4;3;5;4;2;4;5;5;5;6;4;4;2;2;2;7;1;6;It sounds very robotic and not like recorded speech.;52;14;9;6; ;10;9;4;9;5;55;173; ;2/24/2015;1;11;11;0;0;0;18;18;7;1,74264705882353;1
352; ; ;BL;interview;2/24/2015;18881135;28;1;xw5c;1;1;1;1;1;1;1;1;6;2;4;5;4;6;5;7;7;7;7;7;7;7;5;6;1;5;7;1;7;could talk a bit slower so it would be easier to understand her;85;52;29;7;28;20;20;7; ;8;70;326; ;2/24/2015;1;11;11;0;0;0;0;0;8;3,38235294117647;2
353; ; ;Her;interview;2/24/2015;13300986;52;1;xw5c;1;1;1;1;1;1;1;1;5;1;4;1;2;2;1;6;4;6;6;4;7;2;1;5;1;1;7;1;7;The movement of her mouth is not at all in sync with what she is saying. It's not very pleasant to watch.;60;17;11;6;14;7; ;7;11;8;63;204; ;2/24/2015;1;11;11;0;0;0;10;10;8;4,77941176470588;3
354; ; ;Yu;interview;2/24/2015;25198079;24;1;xw5c;1;1;1;0;1;1;1;1;7;4;7;6;4;6;6;6;6;6;6;7;7;6;4;5;4;4;7;1;6; ;68;13;17;4;15;5;13;6; ;4;44;189; ;2/24/2015;1;11;11;3;2;33;20;53;7;1,26470588235294;4
355; ; ;BL;interview;2/24/2015;8261925;46;1;xw5c;1;1;1;1;1;1;1;1;5;2;4;4;4;5;2;5;4;5;5;4;4;4;4;4;2;2;5;2;6; ;1004;47;14;7; ;12;15;7;11;5;89;279; ;2/24/2015;1;11;11;3;2;33;2;35;8;1,19117647058824;2
356; ; ;BL;interview;2/24/2015;22423108;48;2;xw5c;1;1;1;1;1;1;0;1;3;2;3;4;2;4;5;5;5;5;5;4;5;5;5;4;2;3;5;1;7;is this a real thing?  it seems like it's from the 90's not 2015?;83;177;25;8; ;8;22;9;18;11;105;314; ;2/24/2015;1;11;11;0;0;0;1;1;7;1,375;2
360; ; ;BL;interview;2/24/2015;30544555;33;1;xw5c;1;1;1;1;1;1;1;1;5;3;3;5;4;5;5;6;6;6;6;6;5;4;6;3;2;3;6;1;7;yes this Armandia needs to speak a little slower and louder. I had rereload them several times to understand what she was saying;72;26;21;7;31;10; ;16;23;9;120;326; ;2/24/2015;1;11;11;0;0;0;0;0;8;1,88235294117647;2
361; ; ;Yu;interview;2/24/2015;22859678;44;1;xw5c;1;1;1;1;1;1;1;1;5;4;5;5;4;5;5;5;5;4;4;5;6;5;5;5;4;4;4;1;7; ;71;41;13;8; ;6;11;9;11;9;64;243; ;2/24/2015;1;11;11;3;2;33;6;39;8;,345588235294118;4
364; ; ;Yu;interview;2/24/2015;babe90;59;1;xw5c;1;1;1;1;1;1;1;1;5;4;5;5;6;5;4;7;7;7;7;6;7;6;6;5;4;1;7;1;7;none;109;158;18;10;19;10;26;6; ;6;56;285; ;2/24/2015;1;11;11;0;0;0;1;1;8;2,50735294117647;4
365; ; ;BL;interview;2/24/2015;23952683;53;1;xw5c;1;1;1;1;1;1;1;1;7;4;7;7;4;6;6;4;4;4;6;6;7;6;6;6;4;4;7;1;7; ;78;20;15;7;22;22; ;7;16;8;61;256; ;2/24/2015;1;11;11;3;2;33;1;34;8;1,49264705882353;2
366; ; ;Yu;interview;2/24/2015;4589536;36;1;xw5c;1;1;1;1;1;1;1;1;6;4;6;5;4;5;4;4;5;5;6;4;6;2;3;4;2;2;7;1;7;Armandia never blinked her eyes at all. Very unnerving.;57;15;14;5;23;7; ;6;13;5;62;207; ;2/24/2015;1;11;11;0;0;0;10;10;8;1,77941176470588;4
369; ; ;Her;interview;2/24/2015;31241093;21;1;xw5c;1;1;1;1;1;1;1;1;6;5;5;6;5;6;4;5;6;6;7;6;7;4;4;5;2;4;7;1;7;No;49;17; ;5;17;6;14;6;12;4;50;180; ;2/24/2015;1;11;11;0;0;0;14;14;8;1,61029411764706;3
370; ; ;NM;interview;2/24/2015;27667288;40;2;xw5c;1;0;1;1;1;1;1;1;3;4;3;2;3;4;4;4;3;4;4;3;5;4;4;4;3;4;3;2;5; ;70;200;78;9;11;10; ;7;9;6;91;253; ;2/24/2015;1;11;11;3;2;33;7;40;7;,492647058823529;1
371; ; ;Yu;interview;2/24/2015;6589667;37;1;xw5c;1;1;1;1;1;1;1;1;1;2;2;1;2;2;3;3;4;2;3;2;4;2;3;1;2;1;6;2;5; ;83;31;21;8;41;14; ;8;22;7;39;274; ;2/24/2015;1;11;11;3;2;33;2;35;8;,845588235294118;4
372; ; ;Her;interview;2/24/2015;10445685;52;1;xw5c;1;1;1;1;1;1;1;1;7;4;6;5;6;6;5;4;7;6;7;6;7;3;4;4;1;2;6;1;7; ;143;23;14;7;29;14; ;6;19;5;50;310; ;2/24/2015;1;11;11;3;2;33;3;36;8;3,11029411764706;3
373; ; ;NM;interview;2/24/2015;23208814;46;2;xw5c;1;1;1;1;1;1;1;1;5;4;4;5;4;5;3;6;7;6;6;4;6;5;5;6;3;5;7;1;7; ;1380;31;10;4;20;7; ;6;11;4;73;238; ;2/24/2015;1;11;11;3;2;33;11;44;8;1,30882352941176;1
375; ; ;Her;interview;2/24/2015;17348946;38;2;xw5c;1;1;1;1;1;1;1;1;6;4;5;6;4;5;6;6;6;6;6;5;7;4;5;6;4;6;7;1;7; ;50;14;14;4;17;9;13;4; ;4;40;169; ;2/24/2015;1;11;11;3;2;33;19;52;8;,867647058823529;3
376; ; ;Yu;interview;2/24/2015;20602057;29;1;xw5c;1;1;0;1;1;1;0;1;6;5;6;6;5;4;7;6;5;7;6;6;4;6;5;6;5;6;6;1;6; ;46;19;14;6; ;6;13;6;13;7;29;159; ;2/24/2015;1;11;11;3;2;33;14;47;6;,75735294117647;4
378; ; ;BL;interview;2/24/2015;22984878;38;1;xw5c;0;1;0;1;1;1;1;1;6;4;6;6;6;6;6;6;5;5;6;6;6;6;6;6;6;6;6;1;6; ;64;26; ;18;15;11;13;8;12;9;40;204; ;2/24/2015;1;11;11;3;2;33;5;38;6;,316176470588235;2
379; ; ;Her;interview;2/24/2015;29496559;42;2;xw5c;1;1;1;1;1;1;1;1;5;4;4;4;4;4;4;6;6;6;6;6;6;5;6;4;4;5;6;1;7;Some speech wasn't very clear. Possibly her animation could be smoother.;85;38;28;13;34;20; ;16;21;13;230;301; ;2/24/2015;1;11;11;0;0;0;0;0;8;,933823529411765;3
384; ; ;Yu;interview;2/24/2015;11338264;50;1;xw5c;1;1;1;1;1;1;1;1;3;2;3;4;5;5;2;2;2;3;6;2;2;2;2;1;2;1;7;1;7;Sometimes she spoke very quickly and other times she spoke slower and was easier to follow;72;51; ;10;34;12;20;9;13;7;114;342; ;2/24/2015;1;11;11;0;0;0;0;0;8;2,09558823529412;4
386; ; ;Yu;interview;2/24/2015;31297454;22;2;xw5c;1;1;1;1;1;1;1;0;2;2;4;2;4;3;2;5;6;5;5;3;5;3;3;3;1;2;7;1;6;Her speech is far from perfect and her lips' movements don't quite match.;42;52; ;6;22;8;11;8;11;9;82;251; ;2/24/2015;1;11;11;0;0;0;7;7;7;2,00735294117647;4
387; ; ;Yu;interview;2/24/2015;30316191;42;1;xw5c;1;1;1;1;1;1;0;1;3;2;3;3;3;3;4;2;4;4;4;3;4;2;4;2;2;3;4;1;5; ;50;49;15;12;30;7; ;10;16;8;73;270; ;2/24/2015;1;11;11;3;2;33;4;37;7;,683823529411765;4
388; ; ;BL;interview;2/24/2015;30901378;36;1;xw5c;1;1;1;1;1;1;1;1;6;3;6;6;4;6;5;7;7;7;7;7;7;7;3;7;3;4;7;1;7;She was very clear and calm;67;116;18;6;31;11;19;6; ;6;50;239; ;2/24/2015;1;11;11;0;0;0;2;2;8;2,61764705882353;2
395; ; ;Her;interview;2/24/2015;gelbomes;43;1;xw5c;1;1;1;1;1;1;1;1;1;1;1;4;1;1;1;1;7;7;7;7;7;7;1;3;1;1;7;1;7;The voice is not the greatest for being able to understand.  It would be nice as a more normal sounding voice.  Make her smile an be more animated.;76;35;17;5; ;9;21;7;16;7;87;280; ;2/24/2015;1;11;11;0;0;0;2;2;8;8,13235294117647;3
396; ; ;Her;interview;2/24/2015;17991051;33;2;xw5c;1;1;1;1;1;1;1;1;7;6;7;7;5;7;6;7;7;6;7;7;7;7;6;6;4;5;7;1;6; ;75;15; ;6;14;17;10;9;9;5;58;218; ;2/24/2015;1;11;11;3;2;33;11;44;8;,845588235294118;3
397; ; ;Her;interview;2/24/2015;30064988;50;1;xw5c;1;1;1;1;1;1;1;1;4;4;3;4;5;4;3;5;5;6;6;5;5;5;3;3;3;2;5;2;5;Armandia's expressions and head movements appeared the same. And she doesn't appear to smile when talking.;142;73;35;8; ;10;28;7;25;8;134;470; ;2/24/2015;1;11;11;0;0;0;0;0;8;1,40441176470588;3
401; ; ;NM;interview;2/24/2015;18668290;31;1;xw5c;1;1;1;1;1;1;1;1;4;3;5;4;4;4;5;4;4;5;4;4;4;4;4;4;5;4;4;1;7; ;35;15;13;4;15;9;17;8; ;5;32;153; ;2/24/2015;1;11;11;3;2;33;19;52;8;,279411764705882;1
403; ; ;NM;interview;2/24/2015;5921708;55;1;xw5c;1;1;1;1;1;1;1;1;4;4;5;4;5;5;5;6;6;6;6;6;6;6;4;6;4;4;7;1;7;She tried to get a reaction from the person (e.g. what do you think about that?) in a couple cases.;124;68;48;7;46;11;37;7; ;6;677;354; ;2/24/2015;1;11;11;0;0;0;0;0;8;,779411764705882;1
404; ; ;Her;interview;2/24/2015;17082683;53;1;xw5c;1;1;1;1;1;1;1;1;4;2;2;3;1;1;2;4;4;3;4;4;4;1;1;1;1;1;5;1;7;Nostrils!!!! They dominate;138;19;13;6;15;6;16;7; ;8;74;302; ;2/24/2015;1;11;11;0;0;0;8;8;8;1,72058823529412;3
405; ; ;Her;interview;2/24/2015;27934334;48;2;xw5c;1;1;1;1;1;1;1;1;5;3;4;4;2;5;3;5;5;6;5;4;5;5;5;3;3;2;7;1;7; ;90;16;15;6;26;7; ;9;13;7;52;241; ;2/24/2015;1;11;11;3;2;33;5;38;8;1,43382352941176;3
406; ; ;Her;interview;2/24/2015;8112600;53;2;xw5c;1;1;1;1;1;1;1;1;5;3;5;5;4;5;4;7;7;7;7;7;7;7;5;7;1;3;7;1;7;Not sure.;684;401; ;7;35;9;33;7;29;7;75;263; ;2/24/2015;1;11;11;0;0;0;1;1;8;3,49264705882353;3
409; ; ;Yu;interview;2/24/2015;13551709;55;2;xw5c;1;1;1;1;1;1;1;1;7;2;6;7;6;4;4;5;7;7;7;7;7;6;5;6;4;4;6;1;7; ;84;16; ;5;21;8;16;6;16;5;67;244; ;2/24/2015;1;11;11;3;2;33;7;40;8;2,26470588235294;4
410; ; ;Her;interview;2/24/2015;30970680;22;1;xw5c;1;1;1;0;0;1;1;1;5;3;3;3;4;3;2;3;4;4;5;5;5;4;2;5;2;2;6;1;7;She is very robtic, would be nice if she smiled. I find these human organisers creepy.;44;14;10;5;13;8; ;5;9;3;52;163; ;2/24/2015;1;11;11;0;0;0;24;24;6;1,26470588235294;3
413; ; ;Her;interview;2/24/2015;annie29;67;1;xw5c;1;1;1;1;1;1;1;1;6;5;6;7;4;7;6;7;7;7;7;7;7;7;6;4;5;5;6;1;7; ;73;52; ;7;26;31;14;9;10;7;65;273; ;2/24/2015;1;11;11;3;2;33;1;34;8;1,23529411764706;3
416; ; ;Yu;interview;2/24/2015;sidehustler;50;1;xw5c;1;1;1;1;1;1;1;1;6;5;5;4;4;5;5;5;4;5;5;4;6;2;4;4;3;3;7;1;7;Her facial expressions and movements seemed rather stilted and she lacked emotion somewhat.;67;20;14;5;18;11; ;8;15;5;78;241; ;2/24/2015;1;11;11;0;0;0;5;5;8;,970588235294118;4
417; ; ;Yu;interview;2/24/2015;20060357;28;2;xw5c;1;1;1;1;1;1;1;1;5;3;5;5;4;5;5;7;6;6;6;6;7;3;6;4;4;2;7;1;7;mouth didnt seem to quite follow voice;35;19;10;4; ;7;11;4;9;3;39;141; ;2/24/2015;1;11;11;0;0;0;28;28;8;2,05882352941176;4
418; ; ;NM;interview;2/24/2015;9559045;36;1;xw5c;1;1;0;0;1;1;1;1;6;4;6;5;5;5;6;5;5;6;6;6;7;4;4;5;4;4;6;2;5; ;75;15;13;5;25;7;11;7; ;7;48;213; ;2/24/2015;1;11;11;3;2;33;9;42;6;,860294117647059;1
422; ; ;NM;interview;2/24/2015;31031526;18;2;xw5c;0;1;1;1;1;1;1;1;4;1;5;6;6;6;6;6;7;5;6;5;6;7;6;5;5;4;5;1;6; ;41;13;13;10;11;9; ;6;9;5;50;167; ;2/24/2015;1;11;11;3;2;33;19;52;7;1,88235294117647;1
423; ; ;Yu;interview;2/24/2015;19730709;59;2;xw5c;1;1;1;1;1;1;1;1;5;4;5;5;5;6;4;6;6;6;7;4;6;6;3;5;4;3;7;1;7;You need to work on her mouth - she appears not to have any front teeth!;92;17;14;9;17;13; ;9;11;7;121;310; ;2/24/2015;1;11;11;0;0;0;4;4;8;1,375;4
426; ; ;Her;interview;2/24/2015;6336109;55;1;xw5c;1;1;1;1;1;1;1;1;5;2;4;6;5;1;2;5;4;7;5;4;7;5;3;5;2;1;7;2;6;Armandia was easier to understand than I thought she would be. The nice thing was that she was concise and to the point. I was surprised at how easy it was to hear and understand what she said.;67;21;15;10;19;11;17;10; ;8;152;234; ;2/24/2015;1;11;11;0;0;0;2;2;8;3,625;3
427; ; ;Yu;interview;2/24/2015;13945991;63;1;xw5c;1;1;1;1;1;1;1;1;4;3;5;5;6;6;4;6;5;6;6;6;6;5;2;6;2;1;6;1;7;The diction on the last video was not great.;161;30; ;7;45;12;24;6;18;7;67;377; ;2/24/2015;1;11;11;0;0;0;1;1;8;2,84558823529412;4
431; ; ;NM;interview;2/24/2015;Canuckeroo;71;2;xw5c;1;0;1;0;1;1;1;1;5;3;5;4;4;5;4;5;4;5;5;4;5;4;4;5;3;4;6;3;5;Speech was a bit slurred;21;14; ;12;37;8;13;7;10;6;56;184; ;2/24/2015;1;11;11;0;0;0;19;19;6;,470588235294118;1
433; ; ;Her;interview;2/24/2015;21829396;38;1;xw5c;1;1;1;1;1;1;1;1;5;4;6;5;5;4;5;5;5;5;5;5;6;5;4;4;2;3;7;1;7; ;88;35;13;7; ;11;14;5;17;5;53;248; ;2/24/2015;1;11;11;3;2;33;4;37;8;1,00735294117647;3
434; ; ;NM;interview;2/24/2015;Twatkins0061;21;1;xw5c;1;1;0;1;1;1;1;1;1;1;5;3;4;5;5;5;7;6;7;4;7;6;4;6;2;3;7;1;7;I noticed that her speech is sort of splotchy like.;60;58;29;7; ;14;33;35;30;9;88;298; ;2/24/2015;1;11;11;0;0;0;1;1;7;3,09558823529412;1
435; ; ;Yu;interview;2/24/2015;29097531;20;2;xw5c;1;1;1;1;1;1;1;1;5;2;4;4;5;5;5;4;5;5;5;4;5;4;4;3;4;5;7;1;7; ;40;12;983;4;8;11;97;7; ;6;55;172; ;2/24/2015;1;11;11;3;2;33;20;53;8;,720588235294118;4
436; ; ;BL;interview;2/24/2015;5736016;28;1;xw5c;1;1;1;1;1;1;1;1;4;4;4;6;4;4;4;4;6;6;5;5;6;6;6;5;4;5;6;3;6;no;64;34; ;7;52;13;14;6;22;8;60;280; ;2/24/2015;1;11;11;0;0;0;1;1;8;,808823529411765;2
438; ; ;Yu;interview;2/24/2015;24252915;40;2;xw5c;1;1;1;1;1;1;0;1;4;2;5;3;4;2;6;6;3;5;5;3;5;3;6;3;3;6;6;1;7;Her head seemed to move about quite a lot and it was quite distracting.;73;226;11;6;16;7;14;5; ;6;57;220; ;2/24/2015;1;11;11;0;0;0;8;8;7;2,11029411764706;4
439; ; ;Yu;interview;2/24/2015;29025907;31;1;xw5c;1;1;1;0;1;1;1;1;5;4;5;5;5;5;5;5;5;5;5;6;6;5;4;5;4;5;7;3;6; ;65;12; ;5;22;16;12;6;12;5;43;198; ;2/24/2015;1;11;11;3;2;33;11;44;7;,308823529411765;4
440; ; ;BL;interview;2/24/2015;11217501;24;1;xw5c;1;1;1;1;1;1;1;1;6;3;5;6;5;4;5;5;5;5;6;5;7;4;5;5;1;5;7;1;7; ;91;20;15;8;24;21; ;6;11;7;105;308; ;2/24/2015;1;11;11;3;2;33;3;35;8;1,69117647058824;2
441; ; ;Yu;interview;2/24/2015;28307063;26;1;xw5c;1;1;0;1;1;1;1;1;6;4;6;7;4;6;5;5;7;6;7;7;7;7;6;6;4;4;7;1;6;It was straight forward and easy to understand Armandia.;44;15; ;4;13;6;10;4;8;3;29;136; ;2/24/2015;1;11;11;0;0;0;34;34;7;1,44117647058824;4
442; ; ;BL;interview;2/24/2015;10235355;31;2;xw5c;1;1;1;1;1;1;1;1;6;6;5;5;5;7;5;5;7;6;7;7;7;6;6;5;4;5;7;1;7; ;201;31;27;6;81;13; ;10;24;7;53;265; ;2/24/2015;1;11;11;3;2;33;0;33;8;,941176470588235;2
447; ; ;BL;interview;2/24/2015;6331127;60;2;xw5c;1;1;1;1;1;1;1;1;5;5;5;5;4;6;5;6;6;6;6;6;6;5;6;3;5;4;7;1;6;she didn't show enough human qualities...smiling, facial expressions, etc.;73;17;15;6;16;9;16;6; ;5;74;237; ;2/24/2015;1;11;11;0;0;0;6;6;8;,816176470588235;2
448; ; ;Yu;interview;2/24/2015;20464581;39;1;xw5c;1;1;1;1;1;1;1;1;3;4;4;4;5;4;4;5;5;6;6;5;6;5;4;4;1;4;7;1;7; ;120;19;17;8;25;8;15;7; ;9;72;300; ;2/24/2015;1;11;11;3;2;33;3;36;8;1,38970588235294;4
450; ; ;BL;interview;2/24/2015;30195183;28;2;xw5c;1;1;1;1;1;1;1;1;6;6;6;6;5;5;5;7;6;6;6;6;6;6;1;5;1;5;7;1;7; ;44;47; ;7;15;9;10;6;10;4;66;218; ;2/24/2015;1;11;11;3;2;33;12;45;8;2,77941176470588;2
452; ; ;BL;interview;2/24/2015;29463692;45;2;xw5c;1;1;1;1;1;1;1;1;5;5;5;4;4;4;5;4;5;5;6;4;5;4;5;4;2;5;6;1;7;"Armandia's questions like ""what do you think of that?"" seem unnecessary.";98;57;19;7; ;16;20;15;22;21;208;308; ;2/24/2015;1;11;11;0;0;0;0;0;8;,764705882352941;2
455; ; ;BL;interview;2/24/2015;22160782;32;1;xw5c;1;1;1;1;1;1;1;1;2;3;2;3;3;2;3;2;2;3;4;3;2;3;2;4;2;1;7;3;6;she sounds like she is about to fall asleep;64;66;9;6; ;10;11;5;8;4;89;272; ;2/24/2015;1;11;11;0;0;0;12;12;8;,632352941176471;2
459; ; ;Yu;interview;2/24/2015;31287479;31;2;xw5c;1;1;1;1;1;1;1;1;5;3;5;3;3;4;5;7;4;4;5;4;6;4;5;3;2;5;5;1;7; ;47;18;11;5; ;7;11;4;10;4;67;184; ;2/24/2015;1;11;11;3;2;33;18;51;8;1,56617647058824;4
460; ; ;Her;interview;2/24/2015;5279199;29;1;xw5c;1;1;1;1;1;1;1;1;3;3;5;3;3;5;3;4;4;3;5;4;5;3;4;3;3;3;6;3;5; ;123;39;17;7;39;6; ;13;25;10;101;380; ;2/24/2015;1;11;11;3;2;33;3;36;8;,720588235294118;3
461; ; ;NM;interview;2/24/2015;12274848;37;1;xw5c;1;1;1;1;1;1;1;1;5;3;4;4;4;5;3;5;5;5;5;5;5;3;4;4;3;3;5;1;7; ;53;24;9;4; ;6;10;10;8;5;64;193; ;2/24/2015;1;11;11;3;2;33;17;50;8;,735294117647059;1
463; ; ;NM;interview;2/24/2015;18517457;49;1;xw5c;1;1;1;1;1;1;1;1;4;2;3;3;3;4;2;6;3;6;6;6;6;4;4;5;2;3;6;1;6; ;45;39;9;4; ;5;10;5;8;4;30;159; ;2/24/2015;1;11;11;3;2;33;27;60;8;2,375;1
464; ; ;Her;interview;2/24/2015;20845955;30;2;xw5c;1;1;1;1;1;1;1;1;2;2;2;2;2;2;2;2;2;2;3;2;2;2;2;2;2;2;5;2;6;spoke too quickly/ not clearly enough;58;11;12;4;13;6;11;4; ;4;34;157; ;2/24/2015;1;11;11;0;0;0;29;29;8;,0588235294117647;3
465; ; ;NM;interview;2/24/2015;28675156;51;2;xw5c;1;1;1;1;1;1;1;1;4;2;6;5;2;3;4;5;6;6;6;6;5;4;5;3;2;1;7;1;7;The speech was a little robotic but perhaps that is to be expected.;102;25; ;26;35;13;17;26;22;7;84;318; ;2/24/2015;1;11;11;0;0;0;0;0;8;2,90441176470588;1
468; ; ;Her;interview;2/24/2015;2156923;51;1;xw5c;0;1;1;1;1;1;1;1;6;4;4;4;4;4;5;6;7;7;7;6;7;6;5;5;3;4;7;1;7;no;90;69; ;13;21;10;13;7;12;7;60;295; ;2/24/2015;1;11;11;0;0;0;1;1;7;1,77941176470588;3
469; ; ;NM;interview;2/24/2015;19804662;34;2;xw5c;1;1;1;1;1;1;1;1;2;2;2;2;2;2;2;2;5;5;4;4;5;3;2;1;1;2;4;2;6;Questions with no question-like intonation is pretty creepy.;37;22;14;4;13;5; ;5;21;4;68;193; ;2/24/2015;1;11;11;0;0;0;21;21;8;1,84558823529412;1
470; ; ;NM;interview;2/24/2015;9289735;49;1;xw5c;1;1;1;1;1;1;1;1;5;4;3;5;4;4;4;4;6;5;7;7;6;6;4;4;5;5;7;1;6;No;188;41;29;9;50;11; ;15;14;10;112;355; ;2/24/2015;1;11;11;0;0;0;0;0;8;1,36029411764706;1
473; ; ;Her;interview;2/24/2015;20853933;54;2;xw5c;1;1;1;1;1;1;1;1;4;5;4;4;4;5;4;5;6;4;5;5;5;4;5;5;4;5;6;3;5;no;99;68; ;7;20;12;17;6;16;5;40;290; ;2/24/2015;1;11;11;0;0;0;4;4;8;,36764705882353;3
474; ; ;NM;interview;2/24/2015;23032978;24;1;xw5c;1;1;1;1;1;1;1;1;4;2;3;4;4;4;3;3;5;5;6;5;5;4;4;5;3;3;7;1;6;no;51;14;21;5;23;6; ;6;13;4;40;183; ;2/24/2015;1;11;11;0;0;0;16;16;8;1,125;1
475; ; ;NM;interview;2/24/2015;9234773;21;1;xw5c;1;1;1;1;1;1;1;1;4;4;4;4;4;3;5;4;4;5;5;4;6;3;3;4;2;4;7;3;6;No;68;22;12;5; ;9;11;5;11;8;45;196; ;2/24/2015;1;11;11;0;0;0;9;9;8;,875;1
477; ; ;Her;interview;2/24/2015;20043657;31;2;xw5c;1;1;1;1;1;1;1;1;4;4;5;4;4;4;4;4;4;6;5;4;5;4;4;3;4;5;7;1;7; ;589;24;10;3; ;11;9;4;8;4;38;183; ;2/24/2015;1;11;11;3;2;33;22;55;8;,470588235294118;3
478; ; ;Her;interview;2/24/2015;clixsense;55;1;xw5c;1;1;1;1;1;1;1;1;6;7;7;7;5;7;7;6;5;7;7;6;7;6;7;5;6;6;7;1;7;nope;57;35;13;7; ;10;13;7;13;5;53;213; ;2/24/2015;1;11;11;0;0;0;4;4;8;,617647058823529;3
480; ; ;Yu;interview;2/24/2015;1924522;66;1;xw5c;1;1;1;1;1;1;1;1;4;1;1;1;4;1;1;1;4;5;7;1;7;1;1;1;1;1;7;1;7; ;84;24; ;7;54;11;14;7;13;6;47;267; ;2/24/2015;1;11;11;3;2;33;1;34;8;4,84558823529412;4
481; ; ;BL;interview;2/24/2015;30123369;35;2;xw5c;1;1;1;1;1;1;1;1;5;5;5;6;4;5;5;6;6;5;6;5;6;5;5;5;4;5;6;3;5;The tone is very consistent.;71;43;43;11;43;10; ;8;20;8;95;324; ;2/24/2015;1;11;11;0;0;0;0;0;8;,404411764705882;2
483; ; ;BL;interview;2/24/2015;30627835;42;1;xw5c;1;1;1;1;1;1;1;1;6;4;5;6;5;6;5;6;6;6;7;6;7;6;6;5;5;6;6;1;7;No.;64;24; ;6;38;13;18;8;17;12;69;269; ;2/24/2015;1;11;11;0;0;0;1;1;8;,595588235294118;2
484; ; ;NM;interview;2/24/2015;6350548;42;2;xw5c;1;1;1;0;1;1;1;1;2;4;3;2;3;4;2;3;4;2;3;2;3;3;2;1;3;1;7;1;7; ;400;28; ;8;13;9;11;6;12;5;57;221; ;2/24/2015;1;11;11;3;2;33;7;40;7;,867647058823529;1
488; ; ;Yu;interview;2/24/2015;8888883;28;1;xw5c;1;1;1;1;1;1;1;1;6;3;7;7;4;7;7;7;6;6;7;6;7;7;7;7;4;5;6;1;7;no;198;34;25;6; ;15;24;9;20;6;41;252; ;2/24/2015;1;11;11;0;0;0;2;2;8;1,73529411764706;4
490; ; ;Her;interview;2/24/2015;24204845;25;1;xw5c;1;1;1;1;1;1;1;1;6;6;6;6;5;6;6;6;7;6;6;6;7;4;5;6;2;4;7;1;7; ;65;32;12;5;14;7; ;6;10;5;44;200; ;2/24/2015;1;11;11;3;2;33;12;45;8;1,51470588235294;3
491; ; ;Her;interview;2/24/2015;5166541;44;1;xw5c;1;1;1;0;1;1;1;1;6;6;7;6;6;6;6;6;6;6;6;6;6;6;5;5;5;5;6;1;6;No;257;17;12;6;31;18; ;8;12;9;49;234; ;2/24/2015;1;11;11;0;0;0;4;4;7;,279411764705882;3
492; ; ;Her;interview;2/24/2015;23233834;24;1;xw5c;1;1;1;0;1;1;1;1;4;3;4;4;4;3;4;2;2;3;6;3;4;4;2;4;3;2;5;1;5;"The way she said ""Hawaii"" did not sound right. It was mumbled.";57;14;11;5;22;6; ;5;10;5;83;218; ;2/24/2015;1;11;11;0;0;0;15;15;7;1,11764705882353;3
494; ; ;Yu;interview;2/24/2015;459947;47;2;xw5c;1;1;1;0;1;1;1;1;5;3;4;2;3;2;1;3;3;3;5;3;3;3;3;3;1;3;4;1;6; ;69;96;13;7; ;9;56;8;12;9;51;217; ;2/24/2015;1;11;11;3;2;33;2;35;7;,904411764705882;4
495; ; ;BL;interview;2/24/2015;18985376;37;1;xw5c;1;1;1;1;1;1;1;1;5;3;5;5;5;5;4;5;5;4;6;4;6;3;3;3;3;2;7;1;7;Some words seemed a bit rushed and merged into each other, so I missed the odd word that she said.;40;16;12;4; ;5;10;5;9;5;71;177; ;2/24/2015;1;11;11;0;0;0;22;22;8;1,40441176470588;2
496; ; ;BL;interview;2/24/2015;31282868;33;1;xw5c;1;1;1;1;1;1;1;1;6;1;4;3;4;2;2;6;4;7;5;4;6;3;3;2;3;4;7;1;7;There was a delay and some of the words were hard to understand.  It's kind of weird, like talking with a cartoon.;60;33;17;5;16;8; ;5;12;4;62;222; ;2/24/2015;1;11;11;0;0;0;9;9;8;2,59558823529412;2
497; ; ;NM;interview;2/24/2015;cjmorris25;40;2;xw5c;1;1;1;1;1;1;1;1;4;4;2;4;4;3;3;5;5;6;5;6;6;6;4;4;3;2;7;1;7;Her eyes blinked while she talked to make her more human like;69;130;10;5; ;14;11;7;12;4;78;235; ;2/24/2015;1;11;11;0;0;0;8;8;8;1,81617647058824;1
502; ; ;BL;interview;2/24/2015;31670891;31;2;xw5c;1;1;1;1;1;1;1;1;7;6;6;7;6;7;6;7;6;6;7;6;6;5;6;6;6;5;7;1;6;Nothing to add.;91;154;38;9;37;13;33;10; ;6;92;312; ;2/24/2015;1;11;11;0;0;0;0;0;8;,360294117647059;2
509; ; ;Her;interview;2/24/2015;11014811;38;1;xw5c;1;1;1;1;1;1;1;1;4;4;3;3;4;4;3;3;3;3;3;2;3;3;3;3;3;2;7;2;7;she seemed a bit lifeless to me;55;13;9;4;27;6;14;4; ;5;32;169; ;2/24/2015;1;11;11;0;0;0;24;24;8;,308823529411765;3
511; ; ;BL;interview;2/24/2015;12918534;32;1;xw5c;0;1;1;1;1;1;1;1;1;1;4;1;1;1;1;4;4;4;3;4;4;1;1;1;1;1;3;1;7;Some words were quite difficult to understand.;29;14; ;4;14;7;12;4;9;4;41;138; ;2/24/2015;1;11;11;0;0;0;29;29;7;2,15441176470588;2
512; ; ;Yu;interview;2/24/2015;31325718;47;2;xw5c;1;1;1;1;1;1;1;1;7;3;7;7;2;5;1;6;5;7;5;6;7;5;4;1;1;5;7;1;7;Sometimes the voice jams, but it's a minor problem.;101;31; ;5;37;10;21;6;26;5;61;303; ;2/24/2015;1;11;11;0;0;0;3;3;8;4,76470588235294;4
514; ; ;Her;interview;2/24/2015;25399403;37;1;xw5c;1;1;1;1;1;1;1;1;6;4;5;6;6;6;6;6;7;7;7;7;7;7;6;6;4;5;7;1;7;Her speech was very easy to understand but her facial expressions, especially the movement of her eyes and eyebrows, didn't always quite match what she was saying. This didn't affect communication at all, although it it made her less human-like than she might otherwise have been.;115;46;46;6;67;18; ;8;38;7;142;305; ;2/24/2015;1;11;11;0;0;0;0;0;8;1;3
515; ; ;Yu;interview;2/24/2015;3677819;58;1;xw5c;1;1;1;1;1;1;1;1;7;7;7;7;7;7;7;7;7;7;7;7;7;7;7;7;7;7;7;1;7; ;49;32;27;12;28;28;18;12; ;10;57;255; ;2/24/2015;1;11;11;3;2;33;2;35;8;0;4
518; ; ;BL;interview;2/24/2015;23635243;22;2;xw5c;1;1;1;1;1;1;1;1;1;1;5;1;1;1;1;1;4;6;7;1;6;6;3;3;1;1;4;1;7; ;158;21; ;4;11;12;9;4;9;4;30;262; ;2/24/2015;1;11;11;3;2;33;23;56;8;5,23529411764706;2
520; ; ;BL;interview;2/24/2015;13342404;60;1;xw5c;1;1;1;1;1;1;1;1;4;2;2;4;2;3;2;7;5;7;7;6;7;6;2;2;1;2;7;1;7;somewhat robotic;60;15;25;6;17;10;12;5; ;5;50;205; ;2/24/2015;1;11;11;0;0;0;10;10;8;5,18382352941177;2
521; ; ;BL;interview;2/24/2015;TainyaButtons;28;1;xw5c;1;1;1;1;1;1;1;1;5;3;4;3;3;3;3;3;3;4;5;3;5;3;3;4;3;3;7;1;7;There were a few times that the words overlapped each other. Specifically the trip to Hawaii clip.;55;29; ;4;12;7;13;7;7;4;62;200; ;2/24/2015;1;11;11;0;0;0;17;17;8;,507352941176471;2
522; ; ;NM;interview;2/24/2015;28810858;47;1;xw5c;1;1;1;0;1;1;1;1;5;3;5;5;4;4;3;3;4;4;4;3;4;3;3;3;2;3;6;3;7; ;36;14;9;4;11;9; ;6;8;4;27;128; ;2/24/2015;1;11;11;3;2;33;31;64;7;,639705882352941;1
523; ; ;BL;interview;2/24/2015;20312760;22;1;xw5c;1;1;1;1;1;1;0;1;6;4;6;5;4;5;4;7;6;6;6;5;7;6;5;4;1;1;6;1;6;"I couldn't understand certain aspects of what she was saying, like the location in the last clip. It sounded like ""umami"" but that's a style of cooking so I'm guessing that isn't what she actually said. And her questions sounded like statements.";64;22;14;6;28;9; ;6;14;10;86;259; ;2/24/2015;1;11;11;0;0;0;3;3;7;3,02941176470588;2
524; ; ;Her;interview;2/24/2015;30738269;34;1;xw5c;1;1;1;1;1;1;1;1;6;3;6;6;7;6;6;6;7;6;7;6;7;5;6;4;5;5;7;1;7; ;60;21;15;6;24;11; ;8;14;5;70;234; ;2/24/2015;1;11;11;3;2;33;3;36;8;1,19117647058824;3
525; ; ;BL;interview;2/24/2015;11113260;52;2;xw5c;1;1;1;1;1;1;1;1;5;4;4;4;4;4;5;5;5;6;6;5;6;4;5;4;4;4;7;1;7; ;114;32;45;7;81;10;49;9; ;12;76;311; ;2/24/2015;1;11;11;3;2;33;0;33;8;,617647058823529;2
531; ; ;Yu;interview;2/24/2015;17976792;32;1;xw5c;1;1;0;1;1;1;1;1;2;2;2;3;2;3;2;2;3;3;4;3;4;2;1;3;2;2;4;2;6;none;58;31;12;4; ;6;11;4;12;4;28;170; ;2/24/2015;1;11;11;0;0;0;21;21;7;,639705882352941;4
532; ; ;Her;interview;2/24/2015;31184650;28;1;xw5c;1;1;1;1;1;1;0;1;5;3;5;3;4;5;5;5;4;6;5;5;5;4;4;4;4;4;6;1;7; ;38;27;11;4;14;7;11;3; ;4;24;143; ;2/24/2015;1;11;11;3;2;33;31;64;7;,63235294117647;3
539; ; ;Yu;interview;2/24/2015;693659;50;1;xw5c;1;1;1;1;1;1;1;1;6;5;7;6;7;7;6;5;6;6;7;6;7;5;5;5;5;2;7;1;6; ;194;51;22;10;38;15;27;11; ;10;78;334; ;2/24/2015;1;11;11;3;2;33;0;33;8;1,59558823529412;4
540; ; ;Yu;interview;2/24/2015;29849805;59;1;xw5c;1;1;0;0;1;1;1;1;3;6;6;6;6;4;5;6;6;6;6;6;6;4;4;4;4;4;7;2;7; ;27;3; ;10;15;11;10;5;11;6;58;156; ;2/24/2015;1;11;11;3;2;33;52;85;6;,941176470588235;4
541; ; ;NM;interview;2/24/2015;18720630;32;1;xw5c;1;1;1;1;1;1;1;1;7;7;7;6;6;7;7;6;7;6;7;7;7;6;5;7;5;5;7;1;7; ;76;17;13;4;15;11; ;5;11;4;31;187; ;2/24/2015;1;11;11;3;2;33;17;50;8;,617647058823529;1
542; ; ;Yu;interview;2/24/2015;30130222;22;1;xw5c;1;1;1;1;1;1;1;1;7;7;7;7;4;7;7;7;7;7;7;7;7;7;7;7;5;5;7;1;7; ;19;24;19;5;55;15; ;6;39;6;48;209; ;2/24/2015;1;11;11;3;2;33;17;50;8;,88235294117647;4
543; ; ;Yu;interview;2/24/2015;29507191;24;2;xw5c;1;1;1;1;1;1;1;1;5;5;6;6;4;4;5;5;6;6;5;6;6;6;4;5;4;4;7;1;7;No Comment.;78;15;20;6;25;10;17;7; ;7;58;243; ;2/24/2015;1;11;11;0;0;0;3;3;8;,735294117647059;4
545; ; ;Her;interview;2/24/2015;jonmch;53;2;xw5c;1;1;1;0;1;1;1;1;3;2;3;2;3;2;3;5;4;2;6;4;6;4;5;2;2;2;6;1;5;seemed very wooden;53;47;10;5;12;12;10;4; ;3;36;192; ;2/24/2015;1;11;11;0;0;0;23;23;7;2,11764705882353;3
546; ; ;BL;interview;2/24/2015;5119841;30;1;xw5c;1;1;0;1;1;1;1;1;6;4;2;1;1;1;2;4;3;4;3;3;4;1;1;1;4;1;7;1;7;The words she says would clip/overlap a little sometimes, making it hard to make out what she's trying to say.;56;20;11;6; ;8;12;7;9;6;96;231; ;2/24/2015;1;11;11;0;0;0;8;8;7;1,74264705882353;2
547; ; ;NM;interview;2/24/2015;rcelano;49;1;xw5c;1;0;1;1;1;1;1;1;6;1;4;4;2;4;1;6;4;5;5;4;5;5;5;2;2;4;6;2;5; ;70;14;18;8;11;11;12;8; ;8;51;211; ;2/24/2015;1;11;11;3;2;33;10;43;7;2,34558823529412;1
550; ; ;Her;interview;2/24/2015;28352278;21;2;xw5c;1;1;1;1;1;1;1;1;7;1;7;7;7;7;7;7;7;7;7;7;7;7;7;7;7;7;7;1;7; ;9;11; ;3;24;5;9;3;7;3;35;109; ;2/24/2015;1;11;11;3;2;33;72;105;8;2,11764705882353;3
551; ; ;BL;interview;2/24/2015;20306047;38;2;xw5c;1;1;1;1;1;1;1;1;5;4;5;4;5;4;5;6;6;5;5;5;7;5;4;4;3;4;5;3;5; ;55;19;11;3;22;10;12;9; ;8;44;193; ;2/24/2015;1;11;11;3;2;33;12;45;8;,941176470588235;2
553; ; ;BL;interview;2/24/2015;6564635;60;2;xw5c;1;1;1;1;1;1;1;1;7;2;6;5;5;5;6;6;6;6;6;5;6;5;4;5;2;2;7;1;7;Some words were not enunciated very well and it took a moment to sink in what she had said.;77;20;15;7;16;9; ;9;12;8;110;283; ;2/24/2015;1;11;11;0;0;0;4;4;8;2,15441176470588;2
555; ; ;BL;interview;2/24/2015;24329110;61;2;xw5c;1;1;1;1;1;1;1;1;5;5;5;5;5;4;5;5;5;5;5;5;5;4;4;4;4;4;4;1;5; ;123;87;62;8; ;11;47;7;45;7;46;330; ;2/24/2015;1;11;11;3;2;33;1;34;8;,242647058823529;2
557; ; ;BL;interview;2/24/2015;26544151;30;2;xw5c;1;1;0;1;1;1;1;1;5;1;4;3;3;2;1;5;5;6;5;3;5;1;3;2;1;2;4;1;5;She sounds a bit garbled. Not as clear as Cortana or Siri, but MUCH MUCH better than that dumbass 'OK Google'.;44;34;10;4;13;8;23;5; ;5;95;241; ;2/24/2015;1;11;11;0;0;0;16;16;7;2,80882352941176;2
558; ; ;BL;interview;2/24/2015;JamesDuncanJr;45;2;xw5c;1;1;1;0;1;1;1;1;7;6;7;7;7;7;7;6;7;7;7;7;7;5;5;6;5;7;7;1;7;I did not notice anything else.;92;16;13;5;14;17;10;7; ;6;50;230; ;2/24/2015;1;11;11;0;0;0;10;10;7;,639705882352941;2
563; ; ;BL;interview;2/24/2015;11106820;61;1;xw5c;1;1;1;1;1;1;0;1;5;4;5;5;4;6;5;6;5;5;6;5;6;3;5;5;4;4;5;1;6; ;134;37;16;8; ;13;18;9;17;10;84;346; ;2/24/2015;1;11;11;3;2;33;0;33;7;,735294117647059;2
564; ; ;BL;interview;2/24/2015;28836592;28;2;xw5c;1;1;1;1;1;0;1;1;7;7;7;7;5;5;7;7;7;5;4;7;7;4;6;7;7;3;7;1;7;more vocalization words;38;28;21;9; ;64;16;34;34;21;53;200; ;2/24/2015;1;11;11;0;0;0;5;5;7;1,875;2
565; ; ;Her;interview;2/24/2015;12345;40;1;xw5c;1;1;1;1;1;1;1;1;3;4;3;3;3;3;3;4;4;4;5;4;5;4;3;3;3;3;5;1;7;Quite freaky;46;19; ;5;27;6;15;5;15;4;49;191; ;2/24/2015;1;11;11;0;0;0;14;14;8;,507352941176471;3
569; ; ;Her;interview;2/24/2015;gradin123;36;2;xw5c;1;1;1;1;1;1;1;1;3;2;4;3;4;3;3;5;3;5;5;3;5;4;4;5;1;3;7;1;7; ;55;17;12;8;15;9;12;6; ;8;44;186; ;2/24/2015;1;11;11;3;2;33;11;44;8;1,36764705882353;3
570; ; ;NM;interview;2/24/2015; 24564999;34;1;xw5c;1;1;1;1;1;1;1;1;4;2;1;2;4;5;3;3;5;5;6;1;7;4;2;2;1;1;7;1;7;Lips moved but not eyes. Eye movement would be nice and make her more pleasant and human like. Speech was a little garbled at times, especially on the longer sentences.;82;53; ;8;18;8;14;5;11;5;108;312; ;2/24/2015;1;11;11;0;0;0;6;6;8;3,65441176470588;1
572; ; ;BL;interview;2/24/2015;16294191;51;1;xw5c;1;1;1;1;1;1;0;1;2;2;1;2;4;2;2;4;3;5;5;4;5;5;2;2;1;2;6;2;5;She is not very happy;83;15;12;4;16;6; ;5;10;5;50;206; ;2/24/2015;1;11;11;0;0;0;17;17;7;2,125;2
575; ; ;Yu;interview;2/24/2015;31529549;22;1;xw5c;1;1;1;1;1;1;1;1;6;4;5;5;5;6;5;5;6;6;6;5;6;5;4;2;4;4;7;2;6; ;36;12;13;5;15;5;9;6; ;4;39;144; ;2/24/2015;1;11;11;3;2;33;28;61;8;1,11029411764706;4
576; ; ;Her;interview;2/24/2015;8202;37;1;xw5c;1;1;1;1;1;1;1;1;7;6;7;7;7;7;7;7;7;7;7;7;7;7;4;1;4;4;7;1;7; ;36;55;24;6; ;9;14;7;14;5;49;219; ;2/24/2015;1;11;11;3;2;33;7;40;8;3,05882352941176;3
577; ; ;BL;interview;2/24/2015;11014534;42;2;xw5c;1;1;1;1;1;1;1;1;6;4;5;5;5;5;4;6;6;7;7;6;7;6;5;5;4;4;7;1;7;No;35;15;20;10;18;6;10;4; ;4;28;150; ;2/24/2015;1;11;11;0;0;0;26;26;8;1,11764705882353;2
578; ; ;Her;interview;2/24/2015;25185311;35;2;xw5c;1;1;1;1;1;1;1;1;6;1;6;6;5;5;6;7;6;6;7;5;6;5;5;5;2;4;7;1;7;the speech was easy to understand and the avatar movements are a nice touch to give more human realism.;102;38;49;7;76;13; ;9;32;7;110;335; ;2/24/2015;1;11;11;0;0;0;0;0;8;2,48529411764706;3
579; ; ;BL;interview;2/24/2015;16846018;54;1;xw5c;1;1;1;1;1;1;1;1;3;3;4;3;3;3;4;4;5;6;6;4;7;4;4;5;1;4;7;1;7;nothing;53;39; ;6;15;11;21;6;15;6;69;241; ;2/24/2015;1;11;11;0;0;0;5;5;8;1,98529411764706;2
580; ; ;Her;interview;2/24/2015;29095456;30;1;xw5c;1;1;1;1;1;1;1;1;5;2;4;4;4;4;3;4;3;4;4;3;4;4;4;2;3;1;7;1;7; ;1317;24; ;8;24;14;13;12;16;6;47;236; ;2/24/2015;1;11;11;3;2;33;2;34;8;,867647058823529;3
583; ; ;NM;interview;2/24/2015;31195295;36;2;xw5c;1;1;1;1;1;1;1;1;7;4;6;6;5;6;6;5;6;7;6;6;6;6;4;5;4;5;7;1;6;nothing comes to mind;78;37;11;5; ;6;12;6;10;4;40;209; ;2/24/2015;1;11;11;0;0;0;13;13;8;,764705882352941;1
585; ; ;BL;interview;2/24/2015;21785776;36;1;xw5c;1;1;0;0;1;1;1;1;4;3;3;4;4;4;4;4;5;4;5;4;5;3;3;3;1;2;5;1;7;tone of voice is very mechanical;104;67;22;6;20;25; ;5;14;4;78;330; ;2/24/2015;1;11;11;0;0;0;5;5;6;1,13235294117647;2
587; ; ;Her;interview;2/24/2015;11314968;68;1;xw5c;1;1;1;1;1;1;1;1;1;1;1;1;1;1;1;2;1;4;4;4;4;3;1;1;1;1;6;1;7;I found it almost impossible to understand the code and too  around 10 tries to get it.<br>The rest of the videos were somewhat easier but still somewhat difficult.<br>On several words I strained to understand.;56;35;28;18; ;22;15;10;26;12;171;266; ;2/24/2015;1;11;11;0;0;0;1;1;8;1,73529411764706;3
589; ; ;Yu;interview;2/24/2015;5501345;44;1;xw5c;1;1;0;1;1;1;1;1;4;3;4;2;4;4;3;5;6;6;6;5;6;5;4;3;1;4;3;1;7; ;68;51;24;7;18;8;18;6; ;9;50;259; ;2/24/2015;1;11;11;3;2;33;4;37;7;2,15441176470588;4
591; ; ;Yu;interview;2/24/2015;21743413;45;2;xw5c;1;1;1;1;1;1;1;1;7;4;7;7;4;7;5;6;7;7;7;6;7;6;7;5;4;5;7;1;7;The graphics could be better.;168;47;24;10; ;17;26;10;19;11;109;441; ;2/24/2015;1;11;11;0;0;0;0;0;8;1,43382352941176;4
596; ; ;BL;interview;2/24/2015;20045399;29;2;xw5c;1;1;1;1;1;1;1;1;4;3;5;5;4;4;4;4;5;5;5;5;6;4;4;4;2;3;4;2;6; ;49;13;19;4; ;8;17;5;8;5;72;200; ;2/24/2015;1;11;11;3;2;33;16;49;8;,941176470588235;2
598; ; ;BL;interview;2/24/2015;20795315;28;1;xw5c;1;1;1;0;1;1;1;1;7;1;7;1;5;7;7;7;7;7;3;7;7;7;7;7;7;7;7;1;7; ;95;313;11;7; ;14;12;7;31;4;61;248; ;2/24/2015;1;11;11;3;2;33;5;38;7;4,55882352941176;2
600; ; ;NM;interview;2/24/2015;11198415;60;1;xw5c;1;1;1;1;1;1;1;1;6;6;7;6;5;6;7;7;7;7;7;7;7;7;6;7;4;5;7;1;6; ;118;55;16;6; ;9;16;10;14;7;127;378; ;2/24/2015;1;11;11;3;2;33;1;33;8;,86764705882353;1
601; ; ;Yu;interview;2/24/2015;16788282;28;2;xw5c;1;1;1;0;1;1;1;1;2;2;3;3;2;2;2;3;5;3;5;5;5;4;2;2;3;2;6;1;7;Someone needs a better copy of Poser.;38;14;14;4;15;6;15;4; ;4;38;152; ;2/24/2015;1;11;11;0;0;0;25;25;7;1,48529411764706;4
602; ; ;NM;interview;2/24/2015;25822364;64;2;xw5c;1;1;1;1;1;1;1;1;6;5;6;6;6;6;6;6;6;6;6;6;6;6;5;6;5;5;6;2;6;Presentations were very clear and precise;91;24;15;7; ;16;25;8;14;9;98;307; ;2/24/2015;1;11;11;0;0;0;0;0;8;,191176470588235;1
604; ; ;NM;interview;2/24/2015;nancygauvin;45;1;xw5c;1;1;1;1;1;1;1;1;6;4;4;4;1;1;4;1;7;4;6;1;7;3;1;1;4;1;7;1;7;The sound is less than clear.  I had to listen many times each video.;71;24;12;6; ;19;14;5;10;7;64;232; ;2/24/2015;1;11;11;0;0;0;5;5;8;4,65441176470588;1
606; ; ;NM;interview;2/24/2015;30000442;34;2;xw5c;1;1;1;1;1;1;1;1;7;7;7;7;7;7;7;7;7;7;3;7;7;7;7;7;7;7;7;1;7;no;47;27; ;7;23;7;8;12;13;4;52;200; ;2/24/2015;1;11;11;0;0;0;11;11;8;,941176470588236;1
607; ; ;BL;interview;2/25/2015;30489373;29;2;xw5c;1;1;1;1;1;1;1;1;5;4;6;5;4;6;4;5;6;5;5;5;5;5;4;6;5;5;7;1;7;No I did not notice anything in particular about her.;61;68; ;6;34;7;19;6;23;5;54;283; ;2/25/2015;1;11;11;0;0;0;5;5;8;,5;2
